{"accuracy": [0.24415676295757294, 0.6034426093101501, 0.7397823333740234, 0.8105270862579346, 0.8496763706207275, 0.8815705180168152, 0.9001635909080505, 0.9149584174156189, 0.9262821078300476, 0.9358702898025513], "loss": [2.6048152446746826, 1.250693917274475, 0.8059698939323425, 0.583504319190979, 0.4560536742210388, 0.3623896539211273, 0.3022497296333313, 0.2568535804748535, 0.22055166959762573, 0.19239771366119385], "val_accuracy": [0.5328932404518127, 0.6711245179176331, 0.7605280876159668, 0.7583655714988708, 0.8624516129493713, 0.8911905288696289, 0.9013202786445618, 0.9119622111320496, 0.9166287183761597, 0.926815390586853], "val_loss": [1.468560814857483, 1.0175585746765137, 0.7294620871543884, 0.7783713340759277, 0.4163101315498352, 0.3160213232040405, 0.294353187084198, 0.2574240565299988, 0.2530955970287323, 0.22250622510910034]}